bin_start	bin_end	frequency	type	distance
4.0	4.3	0.0	WT	A455-H33
4.3	4.6	0.0	WT	A455-H33
4.6	4.9	0.7309941520467835	WT	A455-H33
4.9	5.2	7.456140350877193	WT	A455-H33
5.2	5.5	21.49122807017544	WT	A455-H33
5.5	5.8	33.62573099415205	WT	A455-H33
5.8	6.1	19.883040935672515	WT	A455-H33
6.1	6.4	6.432748538011696	WT	A455-H33
6.4	6.699999999999999	5.116959064327485	WT	A455-H33
6.699999999999999	7.0	3.216374269005848	WT	A455-H33
7.0	7.3	1.9005847953216373	WT	A455-H33
7.3	7.6	0.14619883040935672	WT	A455-H33
7.6	7.9	0.0	WT	A455-H33
7.9	8.2	0.0	WT	A455-H33
8.2	8.5	0.0	WT	A455-H33
8.5	8.8	0.0	WT	A455-H33
8.8	9.1	0.0	WT	A455-H33
9.1	9.399999999999999	0.0	WT	A455-H33
9.399999999999999	9.7	0.0	WT	A455-H33
9.7	10.0	0.0	WT	A455-H33
4.0	4.3	0.0	JN1	A455-H33
4.3	4.6	0.0	JN1	A455-H33
4.6	4.9	0.053163211057947905	JN1	A455-H33
4.9	5.2	0.4784688995215311	JN1	A455-H33
5.2	5.5	2.1796916533758637	JN1	A455-H33
5.5	5.8	4.040404040404041	JN1	A455-H33
5.8	6.1	7.9213184476342375	JN1	A455-H33
6.1	6.4	10.36682615629984	JN1	A455-H33
6.4	6.699999999999999	12.493354598617756	JN1	A455-H33
6.699999999999999	7.0	15.364167995746945	JN1	A455-H33
7.0	7.3	17.862838915470494	JN1	A455-H33
7.3	7.6	13.131313131313133	JN1	A455-H33
7.6	7.9	7.708665603402445	JN1	A455-H33
7.9	8.2	4.837852206273259	JN1	A455-H33
8.2	8.5	2.126528442317916	JN1	A455-H33
8.5	8.8	1.1164274322169059	JN1	A455-H33
8.8	9.1	0.2658160552897395	JN1	A455-H33
9.1	9.399999999999999	0.053163211057947905	JN1	A455-H33
9.399999999999999	9.7	0.0	JN1	A455-H33
9.7	10.0	0.0	JN1	A455-H33
4.0	4.4	0.0	WT	A417-H33
4.4	4.8	0.0	WT	A417-H33
4.8	5.2	2.3391812865497075	WT	A417-H33
5.2	5.6	32.30994152046784	WT	A417-H33
5.6	6.0	36.40350877192983	WT	A417-H33
6.0	6.4	18.567251461988306	WT	A417-H33
6.4	6.800000000000001	8.47953216374269	WT	A417-H33
6.800000000000001	7.2	1.608187134502924	WT	A417-H33
7.2	7.6	0.29239766081871343	WT	A417-H33
7.6	8.0	0.0	WT	A417-H33
8.0	8.4	0.0	WT	A417-H33
8.4	8.8	0.0	WT	A417-H33
8.8	9.2	0.0	WT	A417-H33
9.2	9.600000000000001	0.0	WT	A417-H33
9.600000000000001	10.0	0.0	WT	A417-H33
10.0	10.4	0.0	WT	A417-H33
10.4	10.8	0.0	WT	A417-H33
10.8	11.2	0.0	WT	A417-H33
11.2	11.600000000000001	0.0	WT	A417-H33
11.600000000000001	12.0	0.0	WT	A417-H33
4.0	4.4	0.0	JN1	A417-H33
4.4	4.8	0.0	JN1	A417-H33
4.8	5.2	0.0	JN1	A417-H33
5.2	5.6	0.0	JN1	A417-H33
5.6	6.0	0.1594896331738437	JN1	A417-H33
6.0	6.4	0.7442849548112705	JN1	A417-H33
6.4	6.800000000000001	0.7974481658692184	JN1	A417-H33
6.800000000000001	7.2	5.05050505050505	JN1	A417-H33
7.2	7.6	13.343965975544922	JN1	A417-H33
7.6	8.0	22.434875066454012	JN1	A417-H33
8.0	8.4	15.94896331738437	JN1	A417-H33
8.4	8.8	12.014885699096226	JN1	A417-H33
8.8	9.2	9.35672514619883	JN1	A417-H33
9.2	9.600000000000001	9.037745879851142	JN1	A417-H33
9.600000000000001	10.0	5.422647527910686	JN1	A417-H33
10.0	10.4	3.9340776182881445	JN1	A417-H33
10.4	10.8	1.2759170653907497	JN1	A417-H33
10.8	11.2	0.42530568846358324	JN1	A417-H33
11.2	11.600000000000001	0.053163211057947905	JN1	A417-H33
11.600000000000001	12.0	0.0	JN1	A417-H33
6.0	6.15	0.0	WT	A421-H33
6.15	6.3	0.14619883040935672	WT	A421-H33
6.3	6.45	0.5847953216374269	WT	A421-H33
6.45	6.6	3.070175438596491	WT	A421-H33
6.6	6.75	7.748538011695906	WT	A421-H33
6.75	6.9	16.95906432748538	WT	A421-H33
6.9	7.05	25.0	WT	A421-H33
7.05	7.2	22.22222222222222	WT	A421-H33
7.2	7.35	16.374269005847953	WT	A421-H33
7.35	7.5	5.409356725146199	WT	A421-H33
7.5	7.65	1.461988304093567	WT	A421-H33
7.65	7.8	0.7309941520467835	WT	A421-H33
7.8	7.95	0.29239766081871343	WT	A421-H33
7.95	8.1	0.0	WT	A421-H33
8.1	8.25	0.0	WT	A421-H33
8.25	8.4	0.0	WT	A421-H33
8.4	8.55	0.0	WT	A421-H33
8.55	8.7	0.0	WT	A421-H33
8.7	8.85	0.0	WT	A421-H33
8.85	9.0	0.0	WT	A421-H33
6.0	6.15	0.0	JN1	A421-H33
6.15	6.3	0.053163211057947905	JN1	A421-H33
6.3	6.45	0.3189792663476874	JN1	A421-H33
6.45	6.6	1.701222753854333	JN1	A421-H33
6.6	6.75	6.379585326953747	JN1	A421-H33
6.75	6.9	9.303561935140882	JN1	A421-H33
6.9	7.05	14.992025518341306	JN1	A421-H33
7.05	7.2	15.683147262094629	JN1	A421-H33
7.2	7.35	18.28814460393408	JN1	A421-H33
7.35	7.5	13.131313131313133	JN1	A421-H33
7.5	7.65	8.931419457735247	JN1	A421-H33
7.65	7.8	5.103668261562999	JN1	A421-H33
7.8	7.95	2.977139819245082	JN1	A421-H33
7.95	8.1	1.8075491759702287	JN1	A421-H33
8.1	8.25	0.5847953216374269	JN1	A421-H33
8.25	8.4	0.4784688995215311	JN1	A421-H33
8.4	8.55	0.1594896331738437	JN1	A421-H33
8.55	8.7	0.053163211057947905	JN1	A421-H33
8.7	8.85	0.053163211057947905	JN1	A421-H33
8.85	9.0	0.0	JN1	A421-H33
4.0	4.2	0.0	WT	A456-H33
4.2	4.4	0.0	WT	A456-H33
4.4	4.6	0.0	WT	A456-H33
4.6	4.8	0.0	WT	A456-H33
4.8	5.0	0.29239766081871343	WT	A456-H33
5.0	5.2	0.5847953216374269	WT	A456-H33
5.2	5.4	3.8011695906432745	WT	A456-H33
5.4	5.6	12.865497076023392	WT	A456-H33
5.6	5.8	23.24561403508772	WT	A456-H33
5.8	6.0	22.953216374269005	WT	A456-H33
6.0	6.2	17.39766081871345	WT	A456-H33
6.2	6.4	7.163742690058479	WT	A456-H33
6.4	6.6	5.409356725146199	WT	A456-H33
6.6	6.800000000000001	3.9473684210526314	WT	A456-H33
6.800000000000001	7.0	0.8771929824561403	WT	A456-H33
7.0	7.2	1.1695906432748537	WT	A456-H33
7.2	7.4	0.29239766081871343	WT	A456-H33
7.4	7.6	0.0	WT	A456-H33
7.6	7.800000000000001	0.0	WT	A456-H33
7.800000000000001	8.0	0.0	WT	A456-H33
4.0	4.2	0.0	JN1	A456-H33
4.2	4.4	0.0	JN1	A456-H33
4.4	4.6	0.0	JN1	A456-H33
4.6	4.8	0.1594896331738437	JN1	A456-H33
4.8	5.0	1.0101010101010102	JN1	A456-H33
5.0	5.2	4.57203615098352	JN1	A456-H33
5.2	5.4	10.792131844763423	JN1	A456-H33
5.4	5.6	18.55396065922382	JN1	A456-H33
5.6	5.8	21.21212121212121	JN1	A456-H33
5.8	6.0	17.331206804891018	JN1	A456-H33
6.0	6.2	11.11111111111111	JN1	A456-H33
6.2	6.4	5.635300372142478	JN1	A456-H33
6.4	6.6	5.209994683678895	JN1	A456-H33
6.6	6.800000000000001	2.3391812865497075	JN1	A456-H33
6.800000000000001	7.0	1.1695906432748537	JN1	A456-H33
7.0	7.2	0.7442849548112705	JN1	A456-H33
7.2	7.4	0.10632642211589581	JN1	A456-H33
7.4	7.6	0.0	JN1	A456-H33
7.6	7.800000000000001	0.053163211057947905	JN1	A456-H33
7.800000000000001	8.0	0.0	JN1	A456-H33
